{
  "lang":"en",
  "name":"pipeline",
  "version":"0.0.0",
  "spacy_version":">=3.6.1,<3.7.0",
  "description":"",
  "author":"",
  "email":"",
  "url":"",
  "license":"",
  "spacy_git_version":"458bc5f45",
  "vectors":{
    "width":0,
    "vectors":0,
    "keys":0,
    "name":null,
    "mode":"default"
  },
  "labels":{
    "tok2vec":[

    ],
    "ner":[
      "CAUSE",
      "DISEASE",
      "SYMPTOMS",
      "TREATMENT"
    ]
  },
  "pipeline":[
    "tok2vec",
    "ner"
  ],
  "components":[
    "tok2vec",
    "ner"
  ],
  "disabled":[

  ],
  "performance":{
    "ents_f":1.0,
    "ents_p":1.0,
    "ents_r":1.0,
    "ents_per_type":{
      "DISEASE":{
        "p":1.0,
        "r":1.0,
        "f":1.0
      },
      "SYMPTOMS":{
        "p":1.0,
        "r":1.0,
        "f":1.0
      },
      "CAUSE":{
        "p":1.0,
        "r":1.0,
        "f":1.0
      },
      "TREATMENT":{
        "p":1.0,
        "r":1.0,
        "f":1.0
      }
    },
    "tok2vec_loss":55.1263615138,
    "ner_loss":10.6639772572
  }
}